date,category,description,amount,payment_mode
2026-09-08,entertainment,went for irumudi movie,350,credit card
2026-09-09,groceries,"vegetables, panner and chicken",1200,cash
12345,food,shawarma,500,upi
2026-09-10,entertainment,war movie,450,upi
2026-09-10,entertainment,bahubali,350,upi
2026-09-10,healthcare,fever,1200,cc
2026-08-09,food,biscuit,20,upi
2026-08-09,entertainment,bowling,1200,upi
2020439,2q345,dsafvv,dfad,adfdas
fadljf,adsfads,adfdasf,adfa,adfdas
dfadfads,afdafads,afadsfas,fafdaf,afdas
jdfadslf,adfadfs,afdafasf,dsafadsf,adff
dafadsf,afadsfasfs,aaesadfads,fasdfdas,fadsfdas
